{
  "tool_name": "Corgea",
  "by_category": {
    "cmdi": {
      "total_tests": 251,
      "vulnerable_tests": 167,
      "safe_tests": 84,
      "tool_flagged": 112,
      "tp": 78,
      "fp": 34,
      "tn": 50,
      "fn": 89,
      "precision": 0.6964285714285714,
      "recall": 0.46706586826347307,
      "tpr": 0.46706586826347307,
      "fpr": 0.40476190476190477,
      "f1_score": 0.5591397849462365
    },
    "crypto": {
      "total_tests": 246,
      "vulnerable_tests": 152,
      "safe_tests": 94,
      "tool_flagged": 96,
      "tp": 39,
      "fp": 23,
      "tn": 71,
      "fn": 113,
      "precision": 0.6290322580645161,
      "recall": 0.2565789473684211,
      "tpr": 0.2565789473684211,
      "fpr": 0.24468085106382978,
      "f1_score": 0.3644859813084112
    },
    "hash": {
      "total_tests": 236,
      "vulnerable_tests": 156,
      "safe_tests": 80,
      "tool_flagged": 0,
      "tp": 0,
      "fp": 0,
      "tn": 80,
      "fn": 156,
      "precision": 0.0,
      "recall": 0.0,
      "tpr": 0.0,
      "fpr": 0.0,
      "f1_score": 0.0
    },
    "ldapi": {
      "total_tests": 59,
      "vulnerable_tests": 42,
      "safe_tests": 17,
      "tool_flagged": 32,
      "tp": 24,
      "fp": 8,
      "tn": 9,
      "fn": 18,
      "precision": 0.75,
      "recall": 0.5714285714285714,
      "tpr": 0.5714285714285714,
      "fpr": 0.47058823529411764,
      "f1_score": 0.6486486486486486
    },
    "pathtraver": {
      "total_tests": 268,
      "vulnerable_tests": 177,
      "safe_tests": 91,
      "tool_flagged": 130,
      "tp": 91,
      "fp": 39,
      "tn": 52,
      "fn": 86,
      "precision": 0.7,
      "recall": 0.5141242937853108,
      "tpr": 0.5141242937853108,
      "fpr": 0.42857142857142855,
      "f1_score": 0.5928338762214984
    },
    "securecookie": {
      "total_tests": 67,
      "vulnerable_tests": 45,
      "safe_tests": 22,
      "tool_flagged": 22,
      "tp": 16,
      "fp": 6,
      "tn": 16,
      "fn": 29,
      "precision": 0.7272727272727273,
      "recall": 0.35555555555555557,
      "tpr": 0.35555555555555557,
      "fpr": 0.2727272727272727,
      "f1_score": 0.4776119402985074
    },
    "sqli": {
      "total_tests": 504,
      "vulnerable_tests": 354,
      "safe_tests": 150,
      "tool_flagged": 306,
      "tp": 220,
      "fp": 86,
      "tn": 64,
      "fn": 134,
      "precision": 0.7189542483660131,
      "recall": 0.6214689265536724,
      "tpr": 0.6214689265536724,
      "fpr": 0.5733333333333334,
      "f1_score": 0.6666666666666667
    },
    "trustbound": {
      "total_tests": 126,
      "vulnerable_tests": 81,
      "safe_tests": 45,
      "tool_flagged": 13,
      "tp": 4,
      "fp": 9,
      "tn": 36,
      "fn": 77,
      "precision": 0.3076923076923077,
      "recall": 0.04938271604938271,
      "tpr": 0.04938271604938271,
      "fpr": 0.2,
      "f1_score": 0.0851063829787234
    },
    "weakrand": {
      "total_tests": 493,
      "vulnerable_tests": 313,
      "safe_tests": 180,
      "tool_flagged": 10,
      "tp": 9,
      "fp": 1,
      "tn": 179,
      "fn": 304,
      "precision": 0.9,
      "recall": 0.02875399361022364,
      "tpr": 0.02875399361022364,
      "fpr": 0.005555555555555556,
      "f1_score": 0.05572755417956656
    },
    "xpathi": {
      "total_tests": 35,
      "vulnerable_tests": 25,
      "safe_tests": 10,
      "tool_flagged": 16,
      "tp": 9,
      "fp": 7,
      "tn": 3,
      "fn": 16,
      "precision": 0.5625,
      "recall": 0.36,
      "tpr": 0.36,
      "fpr": 0.7,
      "f1_score": 0.43902439024390244
    },
    "xss": {
      "total_tests": 455,
      "vulnerable_tests": 401,
      "safe_tests": 54,
      "tool_flagged": 260,
      "tp": 230,
      "fp": 30,
      "tn": 24,
      "fn": 171,
      "precision": 0.8846153846153846,
      "recall": 0.57356608478803,
      "tpr": 0.57356608478803,
      "fpr": 0.5555555555555556,
      "f1_score": 0.6959152798789713
    }
  },
  "overall": {
    "total_tests": 2740,
    "total_vulnerable": 1913,
    "total_safe": 827,
    "total_flagged": 1476,
    "tp": 720,
    "fp": 243,
    "tn": 584,
    "fn": 1193,
    "precision": 0.7476635514018691,
    "recall": 0.37637219027705177,
    "tpr": 0.37637219027705177,
    "fpr": 0.29383313180169285,
    "f1_score": 0.5006954102920723,
    "score": 0.08253905847535892
  }
}