{
  "tool_name": "Qwiet",
  "by_category": {
    "cmdi": {
      "total_tests": 251,
      "vulnerable_tests": 167,
      "safe_tests": 84,
      "tool_flagged_raw": 430,
      "tool_flagged": 251,
      "tp": 167,
      "fp": 84,
      "tn": 0,
      "fn": 0,
      "precision": 0.6653386454183267,
      "recall": 1.0,
      "tpr": 1.0,
      "fpr": 1.0,
      "f1_score": 0.799043062200957
    },
    "sqli": {
      "total_tests": 504,
      "vulnerable_tests": 354,
      "safe_tests": 150,
      "tool_flagged_raw": 334,
      "tool_flagged": 334,
      "tp": 334,
      "fp": 0,
      "tn": 150,
      "fn": 20,
      "precision": 1.0,
      "recall": 0.943502824858757,
      "tpr": 0.943502824858757,
      "fpr": 0.0,
      "f1_score": 0.9709302325581396
    },
    "ldapi": {
      "total_tests": 59,
      "vulnerable_tests": 42,
      "safe_tests": 17,
      "tool_flagged_raw": 76,
      "tool_flagged": 59,
      "tp": 42,
      "fp": 17,
      "tn": 0,
      "fn": 0,
      "precision": 0.711864406779661,
      "recall": 1.0,
      "tpr": 1.0,
      "fpr": 1.0,
      "f1_score": 0.8316831683168318
    },
    "xpathi": {
      "total_tests": 35,
      "vulnerable_tests": 25,
      "safe_tests": 10,
      "tool_flagged_raw": 70,
      "tool_flagged": 35,
      "tp": 25,
      "fp": 10,
      "tn": 0,
      "fn": 0,
      "precision": 0.7142857142857143,
      "recall": 1.0,
      "tpr": 1.0,
      "fpr": 1.0,
      "f1_score": 0.8333333333333333
    }
  },
  "overall": {
    "total_tests": 2740,
    "total_vulnerable": 1913,
    "total_safe": 827,
    "total_flagged": 912,
    "tp": 568,
    "fp": 111,
    "tn": 150,
    "fn": 20,
    "precision": 0.8365243004418262,
    "recall": 0.9659863945578231,
    "tpr": 0.9659863945578231,
    "fpr": 0.42528735632183906,
    "f1_score": 0.8966061562746646,
    "score": 0.540699038235984
  }
}